<?xml version="1.0" encoding="UTF-8"?>
<content version="8.9.01.68" locale="en">
  <operators>
    <operator name="after" id="after" short-name=">" short-id=">"/>
    <operator name="assign" id="assign" short-name=":=" short-id=":="/>
    <operator name="before" id="before" short-name="&lt;" short-id="&lt;"/>
    <operator name="between" id="between" short-name="between" short-id="between"/>
    <operator name="contains" id="contains" short-name="contains" short-id="contains"/>
    <operator name="contains (case sensitive)" id="contains (case sensitive)" short-name="contains (case sensitive)" short-id="contains (case sensitive)"/>
    <operator name="does not contain" id="does not contain" short-name="does not contain" short-id="does not contain"/>
    <operator name="does not contain (case sensitive)" id="does not contain (case sensitive)" short-name="does not contain (case sensitive)" short-id="does not contain (case sensitive)"/>
    <operator name="does not end with" id="does not end with" short-name="does not end with" short-id="does not end with"/>
    <operator name="does not end with (case sensitive)" id="does not end with (case sensitive)" short-name="does not end with (case sensitive)" short-id="does not end with (case sensitive)"/>
    <operator name="does not equal" id="does not equal" short-name="!=" short-id="!="/>
    <operator name="does not equal (case sensitive)" id="does not equal (case sensitive)" short-name="!= (case sensitive)" short-id="!= (case sensitive)"/>
    <operator name="does not have any flag" id="does not have any flag" short-name="does not have any flag" short-id="does not have any flag"/>
    <operator name="does not have flag" id="does not have flag" short-name="does not have flag" short-id="does not have flag"/>
    <operator name="does not match" id="does not match" short-name="does not match" short-id="does not match"/>
    <operator name="does not match mask" id="does not match mask" short-name="does not match mask" short-id="does not match mask"/>
    <operator name="does not start with" id="does not start with" short-name="does not start with" short-id="does not start with"/>
    <operator name="does not start with (case sensitive)" id="does not start with (case sensitive)" short-name="does not start with (case sensitive)" short-id="does not start with (case sensitive)"/>
    <operator name="ends with" id="ends with" short-name="ends with" short-id="ends with"/>
    <operator name="ends with (case sensitive)" id="ends with (case sensitive)" short-name="ends with (case sensitive)" short-id="ends with (case sensitive)"/>
    <operator name="equals" id="equals" short-name="=" short-id="="/>
    <operator name="equals (case sensitive and ignore extra white spaces)" id="equals (case sensitive and ignore extra white spaces)" short-name="= (case sensitive and ignore extra white spaces)" short-id="= (case sensitive and ignore extra white spaces)"/>
    <operator name="equals (case sensitive)" id="equals (case sensitive)" short-name="= (case sensitive)" short-id="= (case sensitive)"/>
    <operator name="equals (ignore extra white spaces)" id="equals (ignore extra white spaces)" short-name="= (ignore extra white spaces)" short-id="= (ignore extra white spaces)"/>
    <operator name="greater than" id="greater than" short-name=">" short-id=">"/>
    <operator name="greater than or equal to" id="greater than or equal to" short-name=">=" short-id=">="/>
    <operator name="has ACE matching mask" id="has ACE matching mask" short-name="has ACE matching mask" short-id="has ACE matching mask"/>
    <operator name="has all flags" id="has all flags" short-name="has all flags" short-id="has all flags"/>
    <operator name="has any flag" id="has any flag" short-name="has any flag" short-id="has any flag"/>
    <operator name="has flag" id="has flag" short-name="has flag" short-id="has flag"/>
    <operator name="has no ACE matching mask" id="has no ACE matching mask" short-name="has no ACE matching mask" short-id="has no ACE matching mask"/>
    <operator name="has no flags" id="has no flags" short-name="has no flags" short-id="has no flags"/>
    <operator name="has only ACEs matching masks" id="has only ACEs matching masks" short-name="has only ACEs matching masks" short-id="has only ACEs matching masks"/>
    <operator name="instance of" id="instance of" short-name="instance of" short-id="instance of"/>
    <operator name="is not one of" id="is not one of" short-name="is not one of" short-id="is not one of"/>
    <operator name="is not one of (case sensitive)" id="is not one of (case sensitive)" short-name="is not one of (case sensitive)" short-id="is not one of (case sensitive)"/>
    <operator name="is not substring of" id="is not substring of" short-name="is not substring of" short-id="is not substring of"/>
    <operator name="is not substring of (case sensitive)" id="is not substring of (case sensitive)" short-name="is not substring of (case sensitive)" short-id="is not substring of (case sensitive)"/>
    <operator name="is one of" id="is one of" short-name="is one of" short-id="is one of"/>
    <operator name="is one of (case sensitive)" id="is one of (case sensitive)" short-name="is one of (case sensitive)" short-id="is one of (case sensitive)"/>
    <operator name="is substring of" id="is substring of" short-name="is substring of" short-id="is substring of"/>
    <operator name="is substring of (case sensitive)" id="is substring of (case sensitive)" short-name="is substring of (case sensitive)" short-id="is substring of (case sensitive)"/>
    <operator name="less than" id="less than" short-name="&lt;" short-id="&lt;"/>
    <operator name="less than or equal to" id="less than or equal to" short-name="&lt;=" short-id="&lt;="/>
    <operator name="matches" id="matches" short-name="matches" short-id="matches"/>
    <operator name="matches mask" id="matches mask" short-name="matches mask" short-id="matches mask"/>
    <operator name="newer than days" id="newer than days" short-name="> days" short-id="> days"/>
    <operator name="not instance of" id="not instance of" short-name="not instance of" short-id="not instance of"/>
    <operator name="older than days" id="older than days" short-name="&lt; days" short-id="&lt; days"/>
    <operator name="persist" id="persist" short-name="persist" short-id="persist"/>
    <operator name="starts with" id="starts with" short-name="starts with" short-id="starts with"/>
    <operator name="starts with (case sensitive)" id="starts with (case sensitive)" short-name="starts with (case sensitive)" short-id="starts with (case sensitive)"/>
  </operators>
  <grammars>
    <grammar id="hosts.gm" built-in="true">
      <description>grammar for hosts files on all platforms</description>
    </grammar>
  </grammars>
  <packages>
    <package id="Package://Workspace/CentOS Hosts File">
      <description></description>
      <path>/Workspace/CentOS Hosts File</path>
      <payload-path>blpackages/3afc983c-f76b-4920-ab14-a82dd1f19957</payload-path>
    </package>
  </packages>
  <types>
    <primitives>
      <primitive name="Regular Expression" id="Primitive:Regular Expression">
        <operators>
          <operator-ref id="assign"/>
          <operator-ref id="does not equal"/>
          <operator-ref id="equals"/>
          <operator-ref rhs-backing-type="Primitive:Regular Expression" rhs-type="List" id="is not one of"/>
          <operator-ref rhs-backing-type="Primitive:Regular Expression" rhs-type="List" id="is not one of (case sensitive)"/>
          <operator-ref rhs-backing-type="Primitive:Regular Expression" rhs-type="List" id="is one of"/>
          <operator-ref rhs-backing-type="Primitive:Regular Expression" rhs-type="List" id="is one of (case sensitive)"/>
          <operator-ref id="persist"/>
        </operators>
      </primitive>
      <primitive name="String" id="Primitive:String">
        <operators>
          <operator-ref id="assign"/>
          <operator-ref id="contains"/>
          <operator-ref id="contains (case sensitive)"/>
          <operator-ref id="does not contain"/>
          <operator-ref id="does not contain (case sensitive)"/>
          <operator-ref id="does not end with"/>
          <operator-ref id="does not end with (case sensitive)"/>
          <operator-ref id="does not equal"/>
          <operator-ref id="does not equal (case sensitive)"/>
          <operator-ref rhs-type="Primitive:Regular Expression" id="does not match"/>
          <operator-ref id="does not start with"/>
          <operator-ref id="does not start with (case sensitive)"/>
          <operator-ref id="ends with"/>
          <operator-ref id="ends with (case sensitive)"/>
          <operator-ref id="equals"/>
          <operator-ref id="equals (case sensitive and ignore extra white spaces)"/>
          <operator-ref id="equals (case sensitive)"/>
          <operator-ref id="equals (ignore extra white spaces)"/>
          <operator-ref rhs-backing-type="Primitive:String" rhs-type="List" id="is not one of"/>
          <operator-ref rhs-backing-type="Primitive:String" rhs-type="List" id="is not one of (case sensitive)"/>
          <operator-ref id="is not substring of"/>
          <operator-ref id="is not substring of (case sensitive)"/>
          <operator-ref rhs-backing-type="Primitive:String" rhs-type="List" id="is one of"/>
          <operator-ref rhs-backing-type="Primitive:String" rhs-type="List" id="is one of (case sensitive)"/>
          <operator-ref id="is substring of"/>
          <operator-ref id="is substring of (case sensitive)"/>
          <operator-ref rhs-type="Primitive:Regular Expression" id="matches"/>
          <operator-ref id="persist"/>
          <operator-ref id="starts with"/>
          <operator-ref id="starts with (case sensitive)"/>
        </operators>
      </primitive>
    </primitives>
    <lists>
      <list type="Class://SystemObject/Component">
        <operators>
          <operator-ref id="assign"/>
          <operator-ref rhs-type="Class://SystemObject/Component" id="contains"/>
          <operator-ref id="does not equal"/>
          <operator-ref id="equals"/>
          <operator-ref id="persist"/>
        </operators>
      </list>
      <list type="Class://SystemObject/Component Template">
        <operators>
          <operator-ref id="assign"/>
          <operator-ref rhs-type="Class://SystemObject/Component Template" id="contains"/>
          <operator-ref id="does not equal"/>
          <operator-ref id="equals"/>
          <operator-ref id="persist"/>
        </operators>
      </list>
      <list type="Class://SystemObject/Depot Object">
        <operators>
          <operator-ref id="assign"/>
          <operator-ref rhs-type="Class://SystemObject/Depot Object" id="contains"/>
          <operator-ref id="does not equal"/>
          <operator-ref id="equals"/>
          <operator-ref id="persist"/>
        </operators>
      </list>
      <list type="Primitive:Regular Expression">
        <operators>
          <operator-ref id="assign"/>
          <operator-ref rhs-type="Primitive:Regular Expression" id="contains"/>
          <operator-ref id="does not equal"/>
          <operator-ref id="equals"/>
          <operator-ref id="persist"/>
        </operators>
      </list>
      <list type="Primitive:String">
        <operators>
          <operator-ref id="assign"/>
          <operator-ref rhs-type="Primitive:String" id="contains"/>
          <operator-ref id="does not equal"/>
          <operator-ref id="does not equal (case sensitive)"/>
          <operator-ref id="equals"/>
          <operator-ref id="equals (case sensitive)"/>
          <operator-ref id="persist"/>
        </operators>
      </list>
    </lists>
    <property-classes>
      <class visible="true" deprecated="false" name="Class://SystemObject" id="Class://SystemObject" built-in="true">
        <description>The root class for all other classes</description>
        <operators>
          <operator-ref id="assign"/>
          <operator-ref id="does not equal"/>
          <operator-ref id="equals"/>
          <operator-ref rhs-type="Primitive:String" id="instance of"/>
          <operator-ref rhs-type="Primitive:String" id="not instance of"/>
          <operator-ref id="persist"/>
        </operators>
      </class>
      <class visible="true" deprecated="false" name="Class://SystemObject/Component" id="Class://SystemObject/Component" built-in="true">
        <description>Every Component is an Instance of a Sublcass of this Class</description>
        <operators>
          <operator-ref id="assign"/>
          <operator-ref id="does not equal"/>
          <operator-ref id="equals"/>
          <operator-ref rhs-type="Primitive:String" id="instance of"/>
          <operator-ref rhs-backing-type="Class://SystemObject/Component" rhs-type="List" id="is not one of"/>
          <operator-ref rhs-backing-type="Class://SystemObject/Component" rhs-type="List" id="is not one of (case sensitive)"/>
          <operator-ref rhs-backing-type="Class://SystemObject/Component" rhs-type="List" id="is one of"/>
          <operator-ref rhs-backing-type="Class://SystemObject/Component" rhs-type="List" id="is one of (case sensitive)"/>
          <operator-ref rhs-type="Primitive:String" id="not instance of"/>
          <operator-ref id="persist"/>
        </operators>
      </class>
      <class visible="true" deprecated="false" name="Class://SystemObject/Component Template" id="Class://SystemObject/Component Template" built-in="true">
        <description>Every Component Template is an Instance of this Class</description>
        <operators>
          <operator-ref id="assign"/>
          <operator-ref id="does not equal"/>
          <operator-ref id="equals"/>
          <operator-ref rhs-type="Primitive:String" id="instance of"/>
          <operator-ref rhs-backing-type="Class://SystemObject/Component Template" rhs-type="List" id="is not one of"/>
          <operator-ref rhs-backing-type="Class://SystemObject/Component Template" rhs-type="List" id="is not one of (case sensitive)"/>
          <operator-ref rhs-backing-type="Class://SystemObject/Component Template" rhs-type="List" id="is one of"/>
          <operator-ref rhs-backing-type="Class://SystemObject/Component Template" rhs-type="List" id="is one of (case sensitive)"/>
          <operator-ref rhs-type="Primitive:String" id="not instance of"/>
          <operator-ref id="persist"/>
        </operators>
      </class>
      <class visible="true" deprecated="false" name="Class://SystemObject/DeployedPackage" id="Class://SystemObject/DeployedPackage" built-in="true">
        <description>Every Depot Object is an Instance of a Subclass of this Class</description>
        <operators>
          <operator-ref id="assign"/>
          <operator-ref id="does not equal"/>
          <operator-ref id="equals"/>
          <operator-ref rhs-type="Primitive:String" id="instance of"/>
          <operator-ref rhs-type="Primitive:String" id="not instance of"/>
          <operator-ref id="persist"/>
        </operators>
      </class>
      <class visible="true" deprecated="false" name="Class://SystemObject/Depot Object" id="Class://SystemObject/Depot Object" built-in="true">
        <description>Every Depot Object is an Instance of this Class</description>
        <operators>
          <operator-ref id="assign"/>
          <operator-ref id="does not equal"/>
          <operator-ref id="equals"/>
          <operator-ref rhs-type="Primitive:String" id="instance of"/>
          <operator-ref rhs-backing-type="Class://SystemObject/Depot Object" rhs-type="List" id="is not one of"/>
          <operator-ref rhs-backing-type="Class://SystemObject/Depot Object" rhs-type="List" id="is not one of (case sensitive)"/>
          <operator-ref rhs-backing-type="Class://SystemObject/Depot Object" rhs-type="List" id="is one of"/>
          <operator-ref rhs-backing-type="Class://SystemObject/Depot Object" rhs-type="List" id="is one of (case sensitive)"/>
          <operator-ref rhs-type="Primitive:String" id="not instance of"/>
          <operator-ref id="persist"/>
        </operators>
      </class>
      <class visible="true" deprecated="false" name="Class://SystemObject/Depot Object/BLPackage" id="Class://SystemObject/Depot Object/BLPackage" built-in="true">
        <description>Every BLPackage is an Instance of this Class</description>
        <operators>
          <operator-ref id="assign"/>
          <operator-ref id="does not equal"/>
          <operator-ref id="equals"/>
          <operator-ref rhs-type="Primitive:String" id="instance of"/>
          <operator-ref rhs-type="Primitive:String" id="not instance of"/>
          <operator-ref id="persist"/>
        </operators>
      </class>
    </property-classes>
    <configuration-objects>
      <server-objects>
        <class root="false" version="1" name="Configuration File" id="Configuration File" built-in="true"/>
        <class root="false" version="1" name="Configuration File Entry" id="Configuration File Entry" built-in="true">
          <properties>
            <property name="Value1 as String" id="Value1 as String (All OS)" applicability="All OS" type="Primitive:String"/>
          </properties>
        </class>
      </server-objects>
      <configuration-files>
        <configuration-file id="/etc/hosts">
          <grammar-data grammar-ref="hosts.gm" os="Solaris" encoding="Default"/>
          <path>/etc/hosts</path>
        </configuration-file>
        <configuration-file id="/etc/hosts">
          <grammar-data grammar-ref="hosts.gm" os="HP-UX" encoding="Default"/>
          <path>/etc/hosts</path>
        </configuration-file>
        <configuration-file id="/etc/hosts">
          <grammar-data grammar-ref="hosts.gm" os="Linux" encoding="Default"/>
          <path>/etc/hosts</path>
        </configuration-file>
        <configuration-file id="/etc/hosts">
          <grammar-data grammar-ref="hosts.gm" os="AIX" encoding="Default"/>
          <path>/etc/hosts</path>
        </configuration-file>
      </configuration-files>
    </configuration-objects>
  </types>
  <services>
    <folder name="Workspace">
      <service name="CentOS Host File" id="Service://Workspace/CentOS Host File">
        <notes></notes>
        <allowed-operations>
          <operation id="Discover"/>
          <operation id="Browse"/>
          <operation id="Snapshot"/>
          <operation id="Audit"/>
          <operation id="Deploy"/>
          <operation id="Compliance"/>
          <operation id="Allow_Remediation"/>
          <operation id="Allow_Auto_Remediation"/>
        </allowed-operations>
        <parts>
          <part id="Configuration File:/etc/hosts">
            <notes></notes>
            <item>
              <type>Configuration File</type>
              <path>/etc/hosts</path>
            </item>
            <allowed-operations>
              <operation id="Browse"/>
              <operation id="Snapshot"/>
              <operation id="Audit"/>
              <operation id="Compliance"/>
            </allowed-operations>
            <includes-excludes recurse-subfolders="true"/>
          </part>
        </parts>
      </service>
    </folder>
  </services>
  <policies>
    <folder name="Workspace">
      <description></description>
      <policy name="CentOS Host File" id="Policy://Workspace/CentOS Host File" service="Service://Workspace/CentOS Host File">
        <description></description>
        <rules>
          <rule id="Rule://Check hosts file contents" name="Check hosts file contents" ref-number="" service="Service://Workspace/CentOS Host File">
            <description></description>
            <notes></notes>
            <expression><![CDATA["Configuration File:/etc/hosts" exists  AND
"Configuration File Entry:/etc/hosts//192.168.0.70"."Value1 as String (All OS)" equals "bladelogicrds"  AND
"Configuration File Entry:/etc/hosts//192.168.0.110"."Value1 as String (All OS)" equals "STEVE-ACER-V17"  AND
"Configuration File Entry:/etc/hosts//192.168.0.116"."Value1 as String (All OS)" equals "gitlab"  AND
"Configuration File Entry:/etc/hosts//192.168.0.23"."Value1 as String (All OS)" equals "cent-bl-001"  AND
"Configuration File Entry:/etc/hosts//192.168.0.24"."Value1 as String (All OS)" equals "cent-bl-002"  AND
"Configuration File Entry:/etc/hosts//192.168.0.25"."Value1 as String (All OS)" equals "cent-bl-003"]]></expression>
            <remediation-package allow-auto-remediation="true" package="Package://Workspace/CentOS Hosts File" action="Remediate"/>
          </rule>
        </rules>
      </policy>
    </folder>
  </policies>
</content>
